original_path,archived_path,sha256_before,reason
analyze_sfv_demographics.py,unused/analyze_sfv_demographics.py,24e443bc9d7d55ee4c325f34278ff9d446c693773d10241a38825b9840adbaf1,Older standalone survey analysis; not the current demographics table
analyze_channel_behavior_relationships.py,unused/analyze_channel_behavior_relationships.py,bc0314f4c448b93f90c626d2b4dd0637ca876e92480dab369edb1ac97c28ab63,Broad channel-behavior screen; not a current result producer
analyze_correlational_relationships.R,unused/analyze_correlational_relationships.R,4c98d37628934fa4ea1554742bddab231860ef04ba7eb0c5b9a870a08c28b964,Earlier pooled/raw follow-up; superseded for current results by selected pooled means
covariate_correlation_analysis.py,unused/covariate_correlation_analysis.py,0c2ac06e34dc37cb9f33bb0bca6f36176bf125b484496a702485399675e6ebdf,Optional older covariate diagnostics; current behavioral matrix uses the R workflow
COVARIATE_SENSITIVITY_ANALYSIS.md,unused/COVARIATE_SENSITIVITY_ANALYSIS.md,210bd7b4dfe70ee8e9d497745565f5f4157394fd1b02dd1ba2518a0de7e84d93,Historical model-choice audit; numerical results predate the current ROI configuration
TODO.md,unused/TODO.md,c29c7cdf5bc6850c570b7062907b7ef4ce242c1bd629aeb8796c4e7e58a29dfa,Historical MNE planning list; not the current imported-Homer workflow
Short Form Video Study.pptx,unused/Short Form Video Study.pptx,87021b99627d27d230ca8b747524a0d208e749d25cbd83c182c893eee6b06c4f,Older study presentation; not a current analysis input or output
data/config/correlational_analysis_plan.json,unused/data/config/correlational_analysis_plan.json,71d23c73b9a43f0a21922cb12a90624ea9bb58d6ae2318c131c752c5ff9c7555,Dedicated configuration for the archived correlation script
tests/validate_correlational_relationships_r.R,unused/tests/validate_correlational_relationships_r.R,5b8dcf31ee98ea4801c66d58c902e300134dc3d7a4b57e22d0bb95e6e39f4e30,Dedicated validator for the archived correlation script
tests/validate_channel_behavior_relationships_py.py,unused/tests/validate_channel_behavior_relationships_py.py,cabfe421ae60bdc578ee6e5e18b3a655ad7fcc543d229dddbb4a099a78fe1593,Dedicated validator for the archived channel-behavior screen
tests/test_covariate_correlation_analysis.py,unused/tests/test_covariate_correlation_analysis.py,e680db70511e05203cacd609fcb0a57f5c5c4c51a12e4c1b516da2b2c201d7a1,Dedicated tests for archived covariate diagnostics
tests/validate_beta_discrepancy_plot_py.py,unused/tests/validate_beta_discrepancy_plot_py.py,783133ab5ca461f103e3c6a7df243458ee6d6c7f645a7fe01ede5a7976dece88,Historical optional plot validator; its root script is already absent
covariate_outputs/covariate_correlation_heatmap_pearson.png,unused/covariate_outputs/covariate_correlation_heatmap_pearson.png,0a581ca556651ba53c9f5757089966924ae9079b698f82f883b181c5224ef845,Saved output of the archived covariate diagnostic
covariate_outputs/covariate_correlation_analysis_pearson.csv,unused/covariate_outputs/covariate_correlation_analysis_pearson.csv,b1a22c7d469d2e79a35a2d69f7c7c276b34dfd6640909e907eeb0bc8db4e020e,Saved output of the archived covariate diagnostic
covariate_outputs/covariate_correlation_analysis_pearson_pvalues.csv,unused/covariate_outputs/covariate_correlation_analysis_pearson_pvalues.csv,b12e4fef6a9592deca48a34e5f956cb9c57c39e1185d111dbec94e4fad3d9159,Saved output of the archived covariate diagnostic
